{"site":{"title":"{{ page.title | default: site.title }}","description":"{{ page.description | default: site.description }}","enableMobile":true,"publicationPath":{"absPath":"/ce/fs/get/Documents/silex-sites/silexlabs.org","isDir":true,"mime":"application/octet-stream","name":"silexlabs.org","folder":"Documents/silex-sites","path":"Documents/silex-sites/silexlabs.org","service":"fs","url":"http://localhost:6805/ce/fs/get/Documents/silex-sites/silexlabs.org"},"websiteUrl":null,"faviconPath":"/ce/fs/get/Documents/silex-sites/silexlabs.org/favicon.png","thumbnailSocialPath":"https://silexlabs.org/assets/silexlabs-wwx.jpg","descriptionSocial":"{{ page.description | default: site.description }}","titleSocial":"{{ page.title | default: site.title }}","lang":"{{ page.lang | default: site.lang }}","width":1100,"headUser":"","headStyle":"img {\n  max-width: 100%;\n}\n\n.post-date {\n    margin: 0;\n    color: #a0a5a9;\n    display: inline;\n}\n.posts-list .tag {\n    float: right;\n}\n@media only screen and (min-width: 481px) {\n    .post-date {\n        font-size: 10px;\n    }\n    .posts-list .tag {\n        font-size: 10px;\n    }\n}\n.posts-list > article {\n  border-radius: 2px;\n  /* box-shadow: 0 2px 5px rgba(0, 0, 0, .15); */\n  border-bottom: 1px solid rgba(0, 0, 0, .1);\n  margin-bottom: 20px;\n  padding-bottom: 10px;\n}\n/*\nxblockquote {\n    border-left: 1px solid gray;\n    padding: 10px;\n    margin: 10px;\n}\n*/\n\n.tags h2 {\n    font-size: 15px;\n    margin-top: 100px;\n}\n\n.tags ul {\n    padding: 0;\n}\n\n.tags li a {\n    text-decoration: none;\n}\n\n.tag {\n    list-style: none;\n    display: inline;\n    border: 1px solid lightgray;\n    padding: 5px;\n}\n\n@media only screen and (min-width: 481px),\nonly screen and (min-device-width: 481px) {\n  .style-nav li {\n    display: inline-block;\n  }\n}\n\n.bg-shadow-top {\n  -webkit-box-shadow: 0 0 6px rgba(0, 0, 0, .2);\n  -moz-box-shadow: 0 0 6px rgba(0, 0, 0, .2);\n  box-shadow: 0 0 6px rgba(0, 0, 0, .2);\n}\n\n.bg-shadow {\n  -webkit-box-shadow: 0 6px 6px rgba(0, 0, 0, .2);\n  -moz-box-shadow: 0 6px 6px rgba(0, 0, 0, .2);\n  box-shadow: 0 6px 6px rgba(0, 0, 0, .2);\n}\n\n.static {\n  text-align: center;\n}\n\n.static>.editable-style {\n  vertical-align: top;\n  display: inline-block;\n  position: relative;\n  top: 0;\n  left: 0;\n  margin: 0 20px;\n  text-align: left;\n}\n\n.paged-element-hidden {\n  display: none !important;\n}\n\n.max-height {\n  max-height: 500px;\n  overflow: auto;\n}","headScript":"","hostingProvider":"jekyll","twitterSocial":"@silexlabs","dataSources":{},"fonts":[{"family":"'Roboto', sans-serif","href":"https://fonts.googleapis.com/css?family=Roboto"}],"styles":{"all-style":{"className":"all-style","templateName":"text","displayName":"All style","styles":{"desktop":{"normal":{"className":"all-style","pseudoClass":"normal","All":{"font-family":"'Roboto', sans-serif","color":"#414b52"},"Element":{"transition":[]},"Paragraph":{"margin":{"margin-top":""},"color":"","font-size":"14px"},"Link":{"text-decoration":"none","color":"#414b52"},"Heading1":{"font-size":"24px","font-weight":"normal"},"Heading2":{"font-size":"20px","font-weight":"normal","padding":{"padding-top":""}},"Heading3":{"font-weight":"normal","font-size":""}},":hover":{"templateName":"text","className":"all-style","pseudoClass":":hover","Link":{"color":"#D95B44"}}},"mobile":{"normal":{"templateName":"text","className":"all-style","pseudoClass":"normal","All":{"font-size":"150%"},"Paragraph":{"font-size":"1em"},"Heading1":{"font-size":"1.5em"},"Heading2":{"font-size":"1.5em"},"Heading3":{"font-size":"1.2em"}}}}},"style-button-red":{"className":"style-button-red","templateName":"text","displayName":"Button Red","styles":{"desktop":{"normal":{"className":"style-button-red","pseudoClass":"normal","All":{"text-align":"center","padding":{"padding-top":"10px","padding-bottom":"10px","padding-left":"px"},"text-transform":"uppercase","font-size":"","color":"#F3D5D4","border":{"border-width":"1px","border-style":"solid","border-color":"#9b3128"},"gradient":{"colors":[{"color":"#d95d51"},{"color":"#c1342b"}]},"text-decoration":"none"},"Link":{"text-decoration":"none"}}}}},"style-button-green":{"className":"style-button-green","templateName":"text","displayName":"Button Green","styles":{"desktop":{"normal":{"className":"style-button-green","pseudoClass":"normal","All":{"text-align":"center","padding":{"padding-top":"10px","padding-bottom":"10px","padding-left":"px"},"text-transform":"uppercase","font-size":"","color":"#384428","border":{"border-width":"1px","border-style":"solid","border-color":"#acc488"},"gradient":{"colors":[{"color":"#c2de98"},{"color":"#99c461"}]}},"Link":{"text-decoration":"none"}}}}},"style-footer":{"className":"style-footer","templateName":"text","displayName":"Footer","styles":{"desktop":{"normal":{"className":"style-footer","pseudoClass":"normal","Paragraph":{"text-align":"center"}}}}},"style-pagination":{"className":"style-pagination","templateName":"text","displayName":"Pagination","styles":{"desktop":{"normal":{"className":"style-pagination","pseudoClass":"normal","All":{"text-align":"center","margin":{"margin-left":""}},"Link":{"gradient":{"colors":[{"color":"#c2de98"},{"color":"#99c461"}]},"padding":{"padding-top":"10px","padding-left":"10px","padding-bottom":"10px","padding-right":"10px"},"line-height":"2","text-decoration":"none"},"Bold":{"margin":{"margin-left":"","margin-right":""},"padding":{"padding-top":"40px","padding-left":"40px","padding-bottom":"40px","padding-right":"40px"},"font-weight":"normal"}}}}},"style-nav":{"className":"style-nav","templateName":"text","displayName":"Nav","styles":{"desktop":{"normal":{"className":"style-nav","pseudoClass":"normal","UnorderedList":{"list-style-type":"none","margin":{"margin-right":"40px"}},"All":{"text-align":"right","text-transform":"uppercase","font-size":"14px"},"Active":{"color":"#D95B44"},"Link":{"text-decoration":"none"}}},"mobile":{"normal":{"templateName":"text","className":"style-nav","pseudoClass":"normal","All":{"text-align":"center","font-size":"1.3em","line-height":"2"},"Heading3":{"font-size":""}},":first-child":{"templateName":"text","className":"style-nav","pseudoClass":":first-child","Heading2":{"margin":{"margin-top":"1px"}}}}}},"style-posts":{"className":"style-posts","templateName":"text","displayName":"Posts","styles":{"desktop":{"normal":{"className":"style-posts","pseudoClass":"normal","Link":{"text-decoration":"none"},"Heading2":{"margin":{"margin-bottom":"","margin-left":"","margin-right":"","margin-top":""},"padding":{"padding-top":""}},"Paragraph":{"margin":{"margin-left":"","margin-right":"","margin-bottom":""}},"Heading3":{"margin":{"margin-left":"","margin-right":""}}},":hover":{"templateName":"text","className":"style-posts","pseudoClass":":hover","Link":{"color":"#000000"}},":first-child":{"templateName":"text","className":"style-posts","pseudoClass":":first-child","Paragraph":{"margin":{"margin-top":"","margin-left":"","margin-bottom":"","margin-right":""}}}},"mobile":{"normal":{"templateName":"text","className":"style-posts","pseudoClass":"normal","Heading2":{"margin":{"margin-top":"0px"}}}}}},"style-post":{"className":"style-post","templateName":"text","displayName":"Post","styles":{"desktop":{"normal":{"className":"style-post","pseudoClass":"normal","Link":{"text-decoration":"underline"},"Heading2":{"margin":{"margin-left":""}}}}}},"style-centered":{"className":"style-centered","templateName":"text","displayName":"Centered","styles":{"desktop":{"normal":{"className":"style-centered","pseudoClass":"normal","All":{"text-align":"center"}}}}}},"isTemplate":false,"file":{"name":"editable.zip","folder":"silexlabs.org/master/admin/silex/src","path":"silexlabs.org/master/admin/silex/src/editable.zip","service":"github","url":"https://design.stastic.net/ce/github/get/silexlabs.org/master/admin/silex/src/editable.zip","absPath":"/ce/github/get/silexlabs.org/master/admin/silex/src/editable.zip"},"prodotypeDependencies":{},"data":{"stastic":{"TYPE_TEMPLATE":null}}},"pages":[{"id":"page-index","displayName":"index","link":{"linkType":"LinkTypePage","href":"#!page-index"},"canDelete":true,"canRename":true,"canMove":true,"canProperties":true,"opened":false},{"id":"page-home","displayName":"Home","link":{"linkType":"LinkTypePage","href":"#!page-home"},"canDelete":true,"canRename":true,"canMove":true,"canProperties":true,"opened":false},{"id":"page-page","displayName":"Page","link":{"linkType":"LinkTypePage","href":"#!page-page"},"canDelete":true,"canProperties":true,"canMove":true,"canRename":true,"opened":false},{"id":"page-posts","displayName":"Posts","link":{"linkType":"LinkTypePage","href":"#!page-posts"},"canDelete":true,"canProperties":true,"canMove":true,"canRename":true,"opened":false},{"id":"page-tags","displayName":"Tags","link":{"linkType":"LinkTypePage","href":"#!page-tags"},"canDelete":true,"canRename":true,"canMove":true,"canProperties":true,"opened":false},{"id":"page-post","displayName":"Post","link":{"linkType":"LinkTypePage","href":"#!page-post"},"canDelete":true,"canProperties":true,"canMove":true,"canRename":true,"opened":false},{"id":"page-404","displayName":"404","link":{"linkType":"LinkTypePage","href":"#!page-404"},"canDelete":true,"canRename":true,"canMove":true,"canProperties":true,"opened":false}],"elements":[{"id":"body-initial","pageNames":[],"classList":[],"type":"container-element","isSectionContent":false,"title":"","alt":null,"children":["silex-id-1563543778332-2","silex-id-1478366444112-1","silex-id-1563544245802-4","silex-id-1595533753719-42","silex-id-1474394621033-3","silex-id-1595518998841-5","silex-id-1563568766409-1","silex-id-1595518970308-3","silex-id-1595531707714-6","silex-id-1596294718066-5","silex-id-1595533635328-40","silex-id-1596294667757-3","silex-id-1478366450713-3","silex-id-1563544667829-6"],"link":null,"enableEdit":false,"enableDrag":false,"enableDrop":true,"enableResize":{"top":false,"bottom":false,"left":false,"right":false},"selected":false,"useMinHeight":true,"visibility":{"desktop":true,"mobile":true},"style":{"desktop":{"background-color":"rgba(255,255,255,1)","position":"static"},"mobile":{}},"data":{"component":null},"innerHtml":"","tagName":"BODY"},{"id":"silex-id-1563543778332-2","pageNames":[],"classList":[],"type":"section-element","isSectionContent":false,"title":"","alt":null,"children":["silex-id-1563543778136-1"],"link":null,"enableEdit":false,"enableDrag":true,"enableDrop":true,"enableResize":{"top":false,"bottom":false,"left":false,"right":false},"selected":false,"useMinHeight":true,"visibility":{"desktop":true,"mobile":true},"style":{"desktop":{"border-width":"4px 0 0 0 ","border-style":"solid","border-color":"rgba(217,91,68,1)","background-color":"rgba(255,255,255,1)","position":"static","margin-top":"-1px"},"mobile":{}},"data":{"component":null},"innerHtml":"","tagName":"SECTION"},{"id":"silex-id-1563543778136-1","pageNames":[],"classList":["website-width"],"type":"container-element","isSectionContent":true,"title":"","alt":null,"children":[],"link":null,"enableEdit":false,"enableDrag":false,"enableDrop":true,"enableResize":{"top":true,"bottom":true,"left":true,"right":true},"selected":false,"useMinHeight":true,"visibility":{"desktop":true,"mobile":true},"style":{"desktop":{"background-color":"","border-width":"","border-style":"","border-color":"rgba(217,91,68,1)","height":"20px","position":"relative","margin-left":"auto","margin-right":"auto"},"mobile":{}},"data":{"component":null},"innerHtml":"","tagName":"DIV"},{"id":"silex-id-1478366444112-1","pageNames":[],"classList":[],"type":"section-element","isSectionContent":false,"title":"","alt":null,"children":["silex-id-1478366444112-0"],"link":null,"enableEdit":false,"enableDrag":true,"enableDrop":true,"enableResize":{"top":false,"bottom":false,"left":false,"right":false},"selected":false,"useMinHeight":true,"visibility":{"desktop":true,"mobile":true},"style":{"desktop":{"background-color":"rgba(255,255,255,1)","position":"static","margin-top":"-1px"},"mobile":{}},"data":{"component":null},"innerHtml":"","tagName":"SECTION"},{"id":"silex-id-1478366444112-0","pageNames":[],"classList":["website-width"],"type":"container-element","isSectionContent":true,"title":"","alt":null,"children":["silex-id-1563543746145-0","silex-id-1564083497965-0","silex-id-1564093276656-2","silex-id-1595512681550-0"],"link":null,"enableEdit":false,"enableDrag":false,"enableDrop":true,"enableResize":{"top":true,"bottom":true,"left":true,"right":true},"selected":false,"useMinHeight":true,"visibility":{"desktop":true,"mobile":true},"style":{"desktop":{"background-color":"transparent","height":"100px","position":"relative","margin-left":"auto","margin-right":"auto"},"mobile":{"top":"0px","left":"0px","width":"467px","height":"165px"}},"data":{"component":null},"innerHtml":"","tagName":"DIV"},{"id":"silex-id-1563543746145-0","pageNames":[],"classList":[],"type":"image-element","isSectionContent":false,"title":"","alt":"","children":[],"link":{"linkType":"LinkTypeExternal","href":"%7B%7B%20site.url%20%7D%7D%7B%7Bsite.baseurl%7D%7D"},"enableEdit":true,"enableDrag":true,"enableDrop":false,"enableResize":{"top":true,"bottom":true,"left":true,"right":true},"selected":false,"useMinHeight":false,"visibility":{"desktop":true,"mobile":true},"style":{"desktop":{"width":"375px","top":"0px","left":"-1px","height":"86px","position":"absolute"},"mobile":{"top":"0px","left":"0px","width":"440.3000183105469px","height":"100.96761141503727px"}},"data":{"component":null},"innerHtml":"<img src=\"assets/silexlabs.org_.2015.png\" class=\"\">","tagName":"DIV"},{"id":"silex-id-1564083497965-0","pageNames":[],"classList":["style-nav"],"type":"text-element","isSectionContent":false,"title":"","alt":null,"children":[],"link":null,"enableEdit":true,"enableDrag":true,"enableDrop":false,"enableResize":{"top":true,"bottom":true,"left":true,"right":true},"selected":false,"useMinHeight":true,"visibility":{"desktop":true,"mobile":true},"style":{"desktop":{"width":"711px","top":"36px","left":"390px","height":"45px","position":"absolute"},"mobile":{}},"data":{"component":{"name":"jekyll-text4","templateName":"jekyll-text","data":{"preview":"\n* Page 1\n* Page 2\n* Page 3","liquid":"{% include nav.html %}\n"},"preview":"<ul>\n  \n  \n\n  \n\n  \n\n  \n\n  \n\n  \n\n  \n\n  \n\n  \n\n  \n\n  \n\n  \n\n  \n\n  \n\n  \n\n  \n\n  \n\n  \n\n  \n\n  \n\n  \n\n  \n\n  \n\n  \n\n  \n\n  \n\n  \n\n  \n\n  \n\n  \n\n  \n\n  \n\n  \n\n  \n\n  \n\n  \n\n  \n\n  \n\n  \n\n  \n\n  \n\n  \n\n  \n\n  \n\n  \n\n  \n\n  \n\n  \n\n  \n\n  \n\n  \n\n  \n\n  \n\n  \n\n  \n\n  \n\n  \n\n  \n\n  \n\n  \n\n  \n\n  \n\n  \n\n  \n\n  \n\n  \n\n  \n\n  \n\n  \n\n  \n\n  \n\n  \n\n  \n\n  \n\n  \n\n  \n\n  \n\n  \n\n  \n\n  \n\n  \n\n  \n\n  \n\n  \n\n  \n\n  \n\n  \n\n  \n\n  \n\n  \n\n  \n\n  \n\n  \n\n  \n\n  \n\n  \n\n  \n\n  \n\n  \n\n  \n\n  \n\n  \n\n  \n\n  \n\n  \n\n  \n\n  \n\n  \n\n  \n\n  \n\n  \n\n  \n\n  \n\n  \n\n  \n\n  \n\n  \n\n  \n\n  \n\n  \n\n  \n\n  \n\n  \n\n  \n\n  \n\n  \n\n  \n\n  \n\n  \n\n  \n\n  \n\n  \n\n  \n\n  \n\n  \n\n  \n\n  \n\n  \n\n  \n\n  \n\n  \n\n  \n\n  \n\n  \n\n  \n\n  \n\n  \n\n\n  <li>\n    <a class=\"page-link-active\" href=\"/silexlabs.org/\">Evènements</a>\n  </li>\n\n  <li>\n    <a class=\"\" href=\"/silexlabs.org/silexlabs\">A propos</a>\n  </li>\n\n  <li>\n    <a class=\"\" href=\"/silexlabs.org/services\">Services</a>\n  </li>\n\n</ul>","liquid":"{% include nav.html %}"}},"innerHtml":"<span class=\"prodotype-preview prodotype-runtime-strict\">\n  <ul>\n\n\n\n\n\n\n\n\n\n\n\n\n\n\n\n\n\n\n\n\n\n\n\n\n\n\n\n\n\n\n\n\n\n\n\n\n\n\n\n\n\n\n\n\n\n\n\n\n\n\n\n\n\n\n\n\n\n\n\n\n\n\n\n\n\n\n\n\n\n\n\n\n\n\n\n\n\n\n\n\n\n\n\n\n\n\n\n\n\n\n\n\n\n\n\n\n\n\n\n\n\n\n\n\n\n\n\n\n\n\n\n\n\n\n\n\n\n\n\n\n\n\n\n\n\n\n\n\n\n\n\n\n\n\n\n\n\n\n\n\n\n\n\n\n\n\n\n\n\n\n\n\n\n\n\n\n\n\n\n\n\n\n\n\n\n\n\n\n\n\n\n\n\n\n\n\n\n\n\n\n\n\n\n\n\n\n\n\n\n\n\n\n\n\n\n\n\n\n\n\n\n\n\n\n\n\n\n\n\n\n\n\n\n\n\n\n\n\n\n\n\n\n\n\n\n\n\n\n\n\n\n\n\n\n\n\n\n\n\n\n\n\n\n\n\n\n\n\n\n\n\n\n\n\n\n\n\n\n\n\n\n\n\n\n\n\n\n\n\n\n\n\n\n\n\n\n\n\n\n\n\n\n\n\n\n\n\n\n\n\n\n\n\n\n\n\n  <li>\n    <a class=\"page-link-active\" href=\"/silexlabs.org/\">Evènements</a>\n  </li>\n\n  <li>\n    <a class=\"\" href=\"/silexlabs.org/silexlabs\">A propos</a>\n  </li>\n\n  <li>\n    <a class=\"\" href=\"/silexlabs.org/services\">Services</a>\n  </li>\n\n</ul>\n</span>\n<silex-template>\n  {% include nav.html %}\n</silex-template>\n","tagName":"DIV"},{"id":"silex-id-1564093276656-2","pageNames":[],"classList":[],"type":"html-element","isSectionContent":false,"title":"","alt":null,"children":[],"link":null,"enableEdit":true,"enableDrag":true,"enableDrop":false,"enableResize":{"top":true,"bottom":true,"left":true,"right":true},"selected":false,"useMinHeight":true,"visibility":{"desktop":true,"mobile":true},"style":{"desktop":{"width":"100px","background-color":"rgb(255, 255, 255)","top":"13px","left":"544px","height":"52px","position":"absolute"},"mobile":{"top":"0px","left":"0px","width":"100px","height":"20px"}},"data":{"component":null},"innerHtml":"<!-- Google Tag Manager (noscript) -->\n<noscript><iframe src=\"https://www.googletagmanager.com/ns.html?id=GTM-N48MBGD\" height=\"0\" width=\"0\" style=\"display:none;visibility:hidden\"></iframe></noscript>\n<!-- End Google Tag Manager (noscript) -->","tagName":"DIV"},{"id":"silex-id-1563544245802-4","pageNames":["page-index","page-page","page-posts","page-post","page-404"],"classList":[],"type":"section-element","isSectionContent":false,"title":"","alt":null,"children":["silex-id-1563544245599-3"],"link":null,"enableEdit":false,"enableDrag":true,"enableDrop":true,"enableResize":{"top":false,"bottom":false,"left":false,"right":false},"selected":false,"useMinHeight":true,"visibility":{"desktop":true,"mobile":false},"style":{"desktop":{"background-color":"rgba(255,255,255,1)","position":"static","margin-top":"-1px"},"mobile":{}},"data":{"component":null},"innerHtml":"","tagName":"SECTION"},{"id":"silex-id-1563544245599-3","pageNames":[],"classList":["website-width","bg-shadow-top"],"type":"container-element","isSectionContent":true,"title":"","alt":null,"children":[],"link":null,"enableEdit":false,"enableDrag":false,"enableDrop":true,"enableResize":{"top":true,"bottom":true,"left":true,"right":true},"selected":false,"useMinHeight":true,"visibility":{"desktop":true,"mobile":true},"style":{"desktop":{"background-color":"rgba(253,253,254,1)","border-radius":"2px 2px 0 0 ","height":"24px","position":"relative","margin-left":"auto","margin-right":"auto"},"mobile":{"top":"0px","left":"0px","width":"467px","height":"20px"}},"data":{"component":null},"innerHtml":"","tagName":"DIV"},{"id":"silex-id-1474394621033-3","pageNames":["page-page","page-posts","page-post","page-404","page-tags"],"classList":[],"type":"section-element","isSectionContent":false,"title":"","alt":null,"children":["silex-id-1474394621032-2"],"link":null,"enableEdit":false,"enableDrag":true,"enableDrop":true,"enableResize":{"top":false,"bottom":false,"left":false,"right":false},"selected":false,"useMinHeight":true,"visibility":{"desktop":true,"mobile":true},"style":{"desktop":{"background-color":"rgba(110,110,122,1)","position":"static","margin-top":"-1px"},"mobile":{}},"data":{"component":null},"innerHtml":"","tagName":"SECTION"},{"id":"silex-id-1474394621032-2","pageNames":[],"classList":["website-width","bg-shadow"],"type":"container-element","isSectionContent":true,"title":"","alt":null,"children":["silex-id-1596307736882-78","silex-id-1595513220208-1","silex-id-1563555279939-14","silex-id-1563563640945-15","silex-id-1595514322815-2","silex-id-1563647203158-0","silex-id-1595517439711-1","silex-id-1563544735127-7","silex-id-1595506007880-1","silex-id-1595435364390-0","silex-id-1595436453817-0","silex-id-1595506026870-2","silex-id-1595534011911-44","silex-id-1596294345018-1"],"link":null,"enableEdit":false,"enableDrag":false,"enableDrop":true,"enableResize":{"top":true,"bottom":true,"left":true,"right":true},"selected":false,"useMinHeight":true,"visibility":{"desktop":true,"mobile":true},"style":{"desktop":{"background-color":"rgba(253,253,254,1)","height":"1117px","position":"relative","margin-left":"auto","margin-right":"auto","display":"flex","flex-direction":"row","justify-content":"space-evenly"},"mobile":{"height":"754px"}},"data":{"component":null},"innerHtml":"","tagName":"DIV"},{"id":"silex-id-1563563640945-15","pageNames":["page-post","page-page"],"classList":["style-post"],"type":"text-element","isSectionContent":false,"title":"","alt":null,"children":[],"link":null,"enableEdit":true,"enableDrag":true,"enableDrop":false,"enableResize":{"top":true,"bottom":true,"left":true,"right":true},"selected":false,"useMinHeight":true,"visibility":{"desktop":true,"mobile":true},"style":{"desktop":{"width":"688px","height":"1117px","position":"static"},"mobile":{"top":"0px","left":"0px","width":"421px","height":"422.83331298828125px"}},"data":{"component":{"name":"jekyll-text2","templateName":"jekyll-text","data":{"preview":"# Vim à vie #1 : Pourquoi et comment ?\n\n![2019-07-05-747294.png](https://lexoyo.me/silexlabs.org//assets/2019-07-05-747294.png)\n\n> 27 mars 2018 @ 19:00 - 21:00\n\nVim c’est différent. Parce que c’est mieux.\n\nAvec une telle intro, il ne devrait pas y avoir de fanboy d’emacs ou Eclipse ! Mais la question reste : pourquoi, en 2018, des gens s’obstinent à utiliser un éditeur de texte dans une console ? Pire, pourquoi le revendiquent-ils ?\n","liquid":"{% include post.html %}"},"liquid":"{% include post.html %}","preview":"<article>\n  <h1>Assemblée générale Silex Labs 2019</h1><div class=\"post-date\">31 May 2020</div>\n  <p></p><p>Bonjour à tous,</p>\n<p>Voici venu le temps de l'AG annuelle. Seules les personnes à jour de leur cotisation de 15€ ont le droit de voter, <a href=\"https://www.silexlabs.org/silexlabs/\">pensez à adhérer avant l’AG</a>. Merci d'avance !</p>\n<p><strong>L’assemblée Générale Ordinaire de Silex Labs aura lieu en ligne le samedi 10 juillet 2020 à 18 heures</strong></p>\n<p>Si vous ne pouvez pas vous joindre à nous, il vous est possible de vous faire représenter en envoyant un mail à contact [à] silexlabs.org ainsi libellé :</p>\n<blockquote><p>Je donne procuration à toute personne désignée par les membres du conseil d’administration pour me représenter à l’assemblée générale ordinaire qui aura lieu le 13 juin 2020\".</p></blockquote>\n<p>Les adhérents recevront un mail avant le début de la réunion avec un lien pour nous rejoindre.</p>\n<p>Ordre du jour de l’AG qui couvrira les exercices 2018 et 2019 :</p>\n<p>• Mot de bienvenue du président<br>\n• Présentation et approbation des Rapports d’activité 2018 et 2019<br>\n• Présentation et approbation des Rapports financiers 2018 et 2019<br>\n• Questions diverses</p>\n<p>Nous sommes à votre disposition si vous avez des remarques et/ou questions que vous souhaiteriez évoquer lors de l’AG.</p>\n<p>Le bureau de Silex labs</p>\n<p></p>\n  \n  <section class=\"tags\">\n    <h2>Tags</h2>\n\t\t<ul>\n      \n        \n        <li class=\"tag\"><a href=\"/tag/silex-labs\"><code class=\"highligher-rouge\"><nobr>silex labs</nobr></code>&nbsp;</a></li>\n      \n    </ul>\n  </section>\n  \n</article>"}},"innerHtml":"<span class=\"prodotype-preview prodotype-runtime-strict\">\n  <article>\n  <h1>Assemblée générale Silex Labs 2019</h1><div class=\"post-date\">31 May 2020</div>\n  <p></p><p>Bonjour à tous,</p>\n<p>Voici venu le temps de l'AG annuelle. Seules les personnes à jour de leur cotisation de 15€ ont le droit de voter, <a href=\"https://www.silexlabs.org/silexlabs/\">pensez à adhérer avant l’AG</a>. Merci d'avance !</p>\n<p><strong>L’assemblée Générale Ordinaire de Silex Labs aura lieu en ligne le samedi 10 juillet 2020 à 18 heures</strong></p>\n<p>Si vous ne pouvez pas vous joindre à nous, il vous est possible de vous faire représenter en envoyant un mail à contact [à] silexlabs.org ainsi libellé :</p>\n<blockquote><p>Je donne procuration à toute personne désignée par les membres du conseil d’administration pour me représenter à l’assemblée générale ordinaire qui aura lieu le 13 juin 2020\".</p></blockquote>\n<p>Les adhérents recevront un mail avant le début de la réunion avec un lien pour nous rejoindre.</p>\n<p>Ordre du jour de l’AG qui couvrira les exercices 2018 et 2019 :</p>\n<p>• Mot de bienvenue du président<br>\n• Présentation et approbation des Rapports d’activité 2018 et 2019<br>\n• Présentation et approbation des Rapports financiers 2018 et 2019<br>\n• Questions diverses</p>\n<p>Nous sommes à votre disposition si vous avez des remarques et/ou questions que vous souhaiteriez évoquer lors de l’AG.</p>\n<p>Le bureau de Silex labs</p>\n<p></p>\n\n  <section class=\"tags\">\n    <h2>Tags</h2>\n        <ul>\n\n\n        <li class=\"tag\"><a href=\"/tag/silex-labs\"><code class=\"highligher-rouge\"><nobr>silex labs</nobr></code>&nbsp;</a></li>\n\n    </ul>\n  </section>\n\n</article>\n</span>\n<silex-template>\n  {% include post.html %}\n</silex-template>\n","tagName":"DIV"},{"id":"silex-id-1563555279939-14","pageNames":["page-posts"],"classList":["style-posts"],"type":"text-element","isSectionContent":false,"title":"","alt":null,"children":[],"link":null,"enableEdit":true,"enableDrag":true,"enableDrop":false,"enableResize":{"top":true,"bottom":true,"left":true,"right":true},"selected":false,"useMinHeight":true,"visibility":{"desktop":true,"mobile":true},"style":{"desktop":{"width":"688px","height":"1117px","position":"static"},"mobile":{"top":"0px","left":"0px","width":"467px","height":"1523px"}},"data":{"component":{"name":"jekyll-text1","templateName":"jekyll-text","data":{"preview":"## Développez une application web qui n’explose pas – Programmation d’un démineur en Elm\n\n> 27 mars 2018 @ 19:00 - 21:00\n\n![featured image](https://www.silexlabs.org/wp-content/uploads/2019/05/Atelier-Elm1-687x159.png)\n\n\nQu’est ce que Elm ? Elm (https://elm-lang.org/ ) est un langage permettant de créer des applications web fiables. Le plus étonnant est que cette fiabilité est obtenue avec un très faible nombre de concepts, faisant de Elm un langage rapide à apprendre. Au programme Nous verrons à quel point « The...\n\n### test H3\n\ntest extra content\n\n## Déchiffre et Delettre* – Épisode II\n\n> 27 mars 2018 @ 19:00 - 21:00\n\n![featured image](https://www.silexlabs.org/wp-content/uploads/2019/04/De%CC%81chiffre-et-Delettre-final-687x159.png)\n\nCet atelier est la suite de l’atelier Dechiffre et Delettre – Episode I. Cependant il n’est pas nécessaire d’y avoir participé pour pouvoir suivre l’épisode 2. Avant 1996, le chiffrement privé était interdit en France. Pire, il était considéré comme « une arme de guerre de deuxième catégorie”. C’est grâce, entre...\n\n\n![featured image](https://www.silexlabs.org/wp-content/uploads/2019/04/Intro-Design-Thinking-687x159.png)\n\n## Déchiffre et Delettre* – Épisode I\n\n> 27 mars 2018 @ 19:00 - 21:00\n\nSalut la compagnie ! Qui n’a jamais entendu parler d’UX ? Plus qu’un sujet à la mode, plus qu’un engouement, il s’agit d’une véritable mentalité. Et peut être même d’une façon de vivre ? De nombreuses anecdotes autour de l’UX foisonnent sur les Internets; une de mes préférées concerne d’ailleurs...\n\n\n![featured image](https://www.silexlabs.org/wp-content/uploads/2019/01/silex-webinar2-wide-687x268.png)\n\n## Silex website builder, Freelance VIP session #2\n\n> 27 mars 2018 @ 19:00 - 21:00\n\nBienvenue à vous Silexiens débutants ! Cet atelier fait partie d’une série d’ateliers Silex en ligne: Atelier 1: initiation, pour débutants, inscription ici Atelier 2: produire des sites pour des clients, fonctionnalités avancées, inscription ici Atelier 3: héberger Silex et le customizer pour la production de sites pro, inscription ici...\n \n","liquid":"{% include posts.html %}"},"liquid":"{% include t.html %}","preview":"<div class=\"posts-list\">\n  \n  <article>\n    <a href=\"/silexlabs.org/assemblee-generale-silex-labs-2029/\">\n      <h2>Assemblée générale Silex Labs 2019</h2>\n\n        <span class=\"tag\">silex labs</span>\n      \n      <p>Bonjour à tous,</p>\n<p>Voici venu le temps de l'AG annuelle. Seules les personnes à jour de leur cotisation de 15€ ont le droit de voter, </p><div href=\"https://www.silexlabs.org/silexlabs/\">pensez à adhérer avant l’AG</div>. Merci d'avance !<p></p>\n<p><strong>L’assemblée Générale Ordinaire de Silex Labs aura lieu en ligne le samedi 10 juillet 2020 à 18 heures</strong></p>\n<p>Si vous ne pouvez pas vous joindre à nous, il vous est possible de vous faire représenter en envoyant un mail à contact [à] silexlabs.org ainsi libellé :</p>\n<blockquote><p>Je donne procuration à toute personne désignée par les membres du conseil d’administration pour me représenter à l’assemblée générale ordinaire qui aura lieu le 13 juin 2020\".</p></blockquote>\n</a><p><a href=\"/silexlabs.org/assemblee-generale-silex-labs-2029/\">Les adhérents recevront un mail avant le début de la ...\n    </a>\n  </p></article>\n  \n  <article>\n    <a href=\"/silexlabs.org/Aperopensource-1582585731477:\">\n      <h2>Aperopensource</h2>\n      <div class=\"post-date\">29 July 2019</div>\n      \n      <p>Le but des apéros L’idée est juste de discuter. Nous pouvons parler évidemment d’opensource mais également de vos projets, de vos idées et des technologies en vogue. Témoignages La mission de Silex Labs est de lutter contre la fracture numérique en faisant la promotion des technologies libres et de la contribution. Pour cela nous vous aidons à découvrir les métiers du web, à vous ré-orienter et à vous transmettre notre savoir. VENEZ NOMBREUX ! Où ? Quand ? Comment ? L’Apéro Open Source se déroule dans notre QG : Les Frangins. Voici l’adresse : Les Frangins3 rue des Gobelins75013 Paris</p>\n\n    </a>\n  </article>\n  \n</div>"}},"innerHtml":"<span class=\"prodotype-preview prodotype-runtime-strict\">\n  <div class=\"posts-list\">\n\n  <article>\n    <a href=\"/silexlabs.org/assemblee-generale-silex-labs-2029/\">\n      <h2>Assemblée générale Silex Labs 2019</h2>\n      <div class=\"post-date\">31 May 2020</div>\n\n        <span class=\"tag\">silex labs</span>\n\n      <p>Bonjour à tous,</p>\n<p>Voici venu le temps de l'AG annuelle. Seules les personnes à jour de leur cotisation de 15€ ont le droit de voter, </p><div href=\"https://www.silexlabs.org/silexlabs/\">pensez à adhérer avant l’AG</div>. Merci d'avance !<p></p>\n<p><strong>L’assemblée Générale Ordinaire de Silex Labs aura lieu en ligne le samedi 10 juillet 2020 à 18 heures</strong></p>\n<p>Si vous ne pouvez pas vous joindre à nous, il vous est possible de vous faire représenter en envoyant un mail à contact [à] silexlabs.org ainsi libellé :</p>\n<blockquote><p>Je donne procuration à toute personne désignée par les membres du conseil d’administration pour me représenter à l’assemblée générale ordinaire qui aura lieu le 13 juin 2020\".</p></blockquote>\n</a><p><a href=\"/silexlabs.org/assemblee-generale-silex-labs-2029/\">Les adhérents recevront un mail avant le début de la ...\n    </a>\n  </p></article>\n\n  <article>\n    <a href=\"/silexlabs.org/Aperopensource-1582585731477:\">\n      <h2>Aperopensource</h2>\n      <div class=\"post-date\">29 July 2019</div>\n\n      <p>Le but des apéros L’idée est juste de discuter. Nous pouvons parler évidemment d’opensource mais également de vos projets, de vos idées et des technologies en vogue. Témoignages La mission de Silex Labs est de lutter contre la fracture numérique en faisant la promotion des technologies libres et de la contribution. Pour cela nous vous aidons à découvrir les métiers du web, à vous ré-orienter et à vous transmettre notre savoir. VENEZ NOMBREUX ! Où ? Quand ? Comment ? L’Apéro Open Source se déroule dans notre QG : Les Frangins. Voici l’adresse : Les Frangins3 rue des Gobelins75013 Paris</p>\n\n    </a>\n  </article>\n\n</div>\n</span>\n<silex-template>\n  {% include posts.html %}\n</silex-template>\n","tagName":"DIV"},{"id":"silex-id-1563647203158-0","pageNames":["page-posts"],"classList":["style-pagination"],"type":"text-element","isSectionContent":false,"title":"","alt":null,"children":[],"link":null,"enableEdit":true,"enableDrag":true,"enableDrop":false,"enableResize":{"top":true,"bottom":true,"left":true,"right":true},"selected":false,"useMinHeight":true,"visibility":{"desktop":false,"mobile":true},"style":{"desktop":{"width":"640px","top":"0px","left":"0px","height":"48px","position":"absolute"},"mobile":{"top":"0px","left":"0px","width":"672px","height":"149px"}},"data":{"component":{"name":"jekyll-text3","templateName":"jekyll-text","data":{"preview":"Previous Page 1 of 25 [Next](#)","liquid":"{% include pagination.html %}"},"preview":"<a href=\"/silexlabs.org/events/../page/3/\">Previous</a>\n  <span class=\"page_number\">\n      &nbsp; &nbsp; | &nbsp; &nbsp; Page: 4 of 80 &nbsp; &nbsp; | &nbsp; &nbsp;\n  </span>\n    <span class=\"next\">\n      <a href=\"/silexlabs.org/events/../page/5/\">Next</a>\n    </span>\n"}},"innerHtml":"<span class=\"prodotype-preview prodotype-runtime-strict\">\n  <p><a href=\"/silexlabs.org/events/../page/3/\">Previous</a>\n  <span class=\"page_number\">\n      &nbsp; &nbsp; | &nbsp; &nbsp; Page: 4 of 80 &nbsp; &nbsp; | &nbsp; &nbsp;\n  </span>\n    <span class=\"next\">\n      <a href=\"/silexlabs.org/events/../page/5/\">Next</a>\n    </span></p>\n</span>\n<silex-template>\n  {{ content }}\n</silex-template>\n","tagName":"DIV"},{"id":"silex-id-1563544847465-8","pageNames":[],"classList":["style-button-red"],"type":"text-element","isSectionContent":false,"title":"","alt":null,"children":[],"link":{"href":"{{site.url}}{{site.baseurl}}/join","linkType":"LinkTypeExternal","title":"Rejoindre Silex Labs"},"enableEdit":true,"enableDrag":true,"enableDrop":false,"enableResize":{"top":true,"bottom":true,"left":true,"right":true},"selected":false,"useMinHeight":true,"visibility":{"desktop":true,"mobile":true},"style":{"desktop":{"width":"300px","height":"41px","position":"static","margin-left":"","margin-top":"20px"},"mobile":{"top":"0px","left":"0px","width":"500px","height":"41px"}},"data":{"component":null},"innerHtml":"Rejoignez nous<br>","tagName":"DIV"},{"id":"silex-id-1563544962714-9","pageNames":[],"classList":[],"type":"html-element","isSectionContent":false,"title":"","alt":null,"children":[],"link":null,"enableEdit":true,"enableDrag":true,"enableDrop":false,"enableResize":{"top":true,"bottom":true,"left":true,"right":true},"selected":false,"useMinHeight":true,"visibility":{"desktop":true,"mobile":true},"style":{"desktop":{"width":"114px","background-color":"transparent","height":"68px","position":"static","margin-left":"","margin-top":"20px"},"mobile":{}},"data":{"component":{"name":"share1","templateName":"share","data":{"url":"https://www.silexlabs.org/","title":"Silex Labs non profit organization","description":"Silex Labs est une association à but non lucratif reconnue d’intérêt général qui lutte depuis 2009 contre la fracture numérique, en faisant promotion des technologies libres et de la contribution.\n\nNotre conviction : la contribution change la vie de celui qui contribue et améliore celle des autres.","networks":["Facebook","Twitter","LinkedIn","Email"]},"style":"Simple Icons - Black","networks":["Facebook","Twitter","LinkedIn",""],"url":"https://www.silexlabs.org","title":"Association Silex Labs, diversité et métiers du numérique","twitter":"silexlabs","description":"L'association Silex Labs oeuvre pour la diversité dans les métiers du numérique"}},"innerHtml":"\n<ul class=\"share-buttons\" id=\"id_1624148590933_576\">\n  \n  <li><a href=\"https://www.facebook.com/sharer/sharer.php?u=https://www.silexlabs.org/&t=Silex Labs non profit organization\" title=\"Share on Facebook\" target=\"_blank\"><img alt=\"Share on Facebook\" data-silex-static=\"\" src=\"/static/2.7/simplesharingbuttons/flat_web_icon_set/color/Facebook.png\"></a></li>\n  \n  \n  <li><a href=\"https://twitter.com/intent/tweet?source=https://www.silexlabs.org/&text=Silex Labs non profit organization:%20https://www.silexlabs.org/&via=silexlabs\" target=\"_blank\" title=\"Share on Twitter\"><img alt=\"Twitt\" data-silex-static=\"\" src=\"/static/2.7/simplesharingbuttons/flat_web_icon_set/color/Twitter.png\"></a></li>\n  \n  \n  \n  \n  \n  \n  \n  <li><a href=\"http://www.linkedin.com/shareArticle?mini=true&url=https://www.silexlabs.org/&title=Silex Labs non profit organization&summary=Silex Labs est une association à but non lucratif reconnue d’intérêt général qui lutte depuis 2009 contre la fracture numérique, en faisant promotion des technologies libres et de la contribution.\n\nNotre conviction : la contribution change la vie de celui qui contribue et améliore celle des autres.&source=https://www.silexlabs.org/\" target=\"_blank\" title=\"Share on LinkedIn\"><img alt=\"Share on LinkedIn\" data-silex-static=\"\" src=\"/static/2.7/simplesharingbuttons/flat_web_icon_set/color/LinkedIn.png\"></a></li>\n  \n  \n  \n  \n  <li><a href=\"mailto:?subject=Silex Labs non profit organization&body=Silex Labs est une association à but non lucratif reconnue d’intérêt général qui lutte depuis 2009 contre la fracture numérique, en faisant promotion des technologies libres et de la contribution.\n\nNotre conviction : la contribution change la vie de celui qui contribue et améliore celle des autres.:%20https://www.silexlabs.org/\" target=\"_blank\" title=\"Send email\"><img alt=\"Send by email\" data-silex-static=\"\" src=\"/static/2.7/simplesharingbuttons/flat_web_icon_set/color/Email.png\"></a></li>\n  \n</ul>\n</div>\n<style type=\"text/css\">\n#id_1624148590933_576.share-buttons{\n  list-style: none;\n  padding: 0;\n}\n\n#id_1624148590933_576.share-buttons li{\n  display: inline;\n}\n\n#id_1624148590933_576.share-buttons .sr-only {\n  position: absolute;\n  clip: rect(1px 1px 1px 1px);\n  clip: rect(1px, 1px, 1px, 1px);\n  padding: 0;\n  border: 0;\n  height: 1px;\n  width: 1px;\n  overflow: hidden;\n}\n</style>\n","tagName":"DIV"},{"id":"silex-id-1563554584898-11","pageNames":[],"classList":["bg-shadow"],"type":"html-element","isSectionContent":false,"title":"","alt":null,"children":[],"link":null,"enableEdit":true,"enableDrag":true,"enableDrop":false,"enableResize":{"top":true,"bottom":true,"left":true,"right":true},"selected":false,"useMinHeight":true,"visibility":{"desktop":true,"mobile":false},"style":{"desktop":{"width":"300px","background-color":"rgb(255, 255, 255)","height":"551px","position":"static","margin-left":"","margin-top":"20px"},"mobile":{"top":"0px","left":"0px","width":"500px","height":"200px"}},"data":{"component":null},"innerHtml":"\n\n<div id=\"fb-root\"></div>\n<script async defer crossorigin=\"anonymous\" src=\"https://connect.facebook.net/fr_FR/sdk.js#xfbml=1&version=v7.0&appId=242623139095821\" nonce=\"0Dnd4VdO\"></script>\n\n<div class=\"fb-page\" data-href=\"https://www.facebook.com/silexlabs/\" data-tabs=\"timeline\" data-width=\"\" data-height=\"\" data-small-header=\"false\" data-adapt-container-width=\"true\" data-hide-cover=\"false\" data-show-facepile=\"true\">\n</div>","tagName":"DIV"},{"id":"silex-id-1563545454222-10","pageNames":[],"classList":["style-button-green"],"type":"text-element","isSectionContent":false,"title":"","alt":null,"children":[],"link":{"linkType":"LinkTypeExternal","href":"https://eepurl.com/F48q5"},"enableEdit":true,"enableDrag":true,"enableDrop":false,"enableResize":{"top":true,"bottom":true,"left":true,"right":true},"selected":false,"useMinHeight":true,"visibility":{"desktop":true,"mobile":true},"style":{"desktop":{"width":"300px","height":"41px","position":"static","margin-left":"","margin-top":"20px"},"mobile":{"top":"0px","left":"0px","width":"500px","height":"41px"}},"data":{"component":null},"innerHtml":"<div>S'Abonner par email</div>","tagName":"DIV"},{"id":"silex-id-1564088083884-1","pageNames":[],"classList":["max-height","bg-shadow"],"type":"html-element","isSectionContent":false,"title":"","alt":null,"children":[],"link":null,"enableEdit":true,"enableDrag":true,"enableDrop":false,"enableResize":{"top":true,"bottom":true,"left":true,"right":true},"selected":false,"useMinHeight":true,"visibility":{"desktop":true,"mobile":false},"style":{"desktop":{"width":"300px","background-color":"rgb(255, 255, 255)","height":"730px","position":"static","margin-left":"","margin-top":"20px"},"mobile":{}},"data":{"component":null},"innerHtml":"\n\n\n<a class=\"twitter-timeline\" href=\"https://twitter.com/silexlabs?ref_src=twsrc%5Etfw\"></a>\n<script type=\"text/{% if site %}{% endif %}javascript\" async=\"\" src=\"https://platform.twitter.com/widgets.js\" charset=\"utf-8\"></script>\n","tagName":"DIV"},{"id":"silex-id-1563568766409-1","pageNames":["page-posts","page-tags"],"classList":[],"type":"section-element","isSectionContent":false,"title":"","alt":null,"children":["silex-id-1563568766280-0"],"link":null,"enableEdit":false,"enableDrag":true,"enableDrop":true,"enableResize":{"top":false,"bottom":false,"left":false,"right":false},"selected":false,"useMinHeight":true,"visibility":{"desktop":true,"mobile":false},"style":{"desktop":{"background-color":"rgba(110,110,122,1)","position":"static","margin-top":"-1px"},"mobile":{}},"data":{"component":null},"innerHtml":"","tagName":"SECTION"},{"id":"silex-id-1563568766280-0","pageNames":[],"classList":["website-width","bg-shadow"],"type":"container-element","isSectionContent":true,"title":"","alt":null,"children":["silex-id-1563569184200-0","silex-id-1595519327356-7"],"link":null,"enableEdit":false,"enableDrag":false,"enableDrop":true,"enableResize":{"top":true,"bottom":true,"left":true,"right":true},"selected":false,"useMinHeight":true,"visibility":{"desktop":true,"mobile":true},"style":{"desktop":{"background-color":"rgba(253,253,254,1)","height":"100px","position":"relative","margin-left":"auto","margin-right":"auto"},"mobile":{}},"data":{"component":null},"innerHtml":"","tagName":"DIV"},{"id":"silex-id-1563569184200-0","pageNames":[],"classList":["style-pagination"],"type":"text-element","isSectionContent":false,"title":"","alt":null,"children":[],"link":null,"enableEdit":true,"enableDrag":true,"enableDrop":false,"enableResize":{"top":true,"bottom":true,"left":true,"right":true},"selected":false,"useMinHeight":true,"visibility":{"desktop":true,"mobile":true},"style":{"desktop":{"width":"640px","top":"33px","left":"227px","height":"42px","position":"absolute"},"mobile":{}},"data":{"component":{"name":"jekyll-text3","templateName":"jekyll-text","data":{"preview":"Previous Page 1 of 25 [Next](#)","liquid":"{% include pagination.html %}"},"liquid":"{% include pagination.html %}","preview":"<a href=\"/silexlabs.org/events/../page/3/\">Previous</a>\n  <span class=\"page_number\">\n      &nbsp; &nbsp; | &nbsp; &nbsp; Page: 4 of 80 &nbsp; &nbsp; | &nbsp; &nbsp;\n  </span>\n    <span class=\"next\">\n      <a href=\"/silexlabs.org/events/../page/5/\">Next</a>\n    </span>\n"}},"innerHtml":"<span class=\"prodotype-preview prodotype-runtime-strict\">\n  <p><a href=\"/silexlabs.org/events/../page/3/\">Previous</a>\n  <span class=\"page_number\">\n      &nbsp; &nbsp; | &nbsp; &nbsp; Page: 4 of 80 &nbsp; &nbsp; | &nbsp; &nbsp;\n  </span>\n    <span class=\"next\">\n      <a href=\"/silexlabs.org/events/../page/5/\">Next</a>\n    </span></p>\n</span>\n<silex-template>\n  {% include pagination.html %}\n</silex-template>\n","tagName":"DIV"},{"id":"silex-id-1478366450713-3","pageNames":[],"classList":[],"type":"section-element","isSectionContent":false,"title":"","alt":null,"children":["silex-id-1478366450713-2"],"link":null,"enableEdit":false,"enableDrag":true,"enableDrop":true,"enableResize":{"top":false,"bottom":false,"left":false,"right":false},"selected":false,"useMinHeight":true,"visibility":{"desktop":true,"mobile":true},"style":{"desktop":{"background-color":"rgba(110,110,122,1)","position":"static","margin-top":"-1px"},"mobile":{}},"data":{"component":null},"innerHtml":"","tagName":"SECTION"},{"id":"silex-id-1478366450713-2","pageNames":[],"classList":["website-width","bg-shadow"],"type":"container-element","isSectionContent":true,"title":"","alt":null,"children":["silex-id-1442914737143-3"],"link":null,"enableEdit":false,"enableDrag":false,"enableDrop":true,"enableResize":{"top":true,"bottom":true,"left":true,"right":true},"selected":false,"useMinHeight":true,"visibility":{"desktop":true,"mobile":true},"style":{"desktop":{"background-color":"rgba(253,253,254,1)","height":"101px","position":"relative","margin-left":"auto","margin-right":"auto"},"mobile":{}},"data":{"component":null},"innerHtml":"","tagName":"DIV"},{"id":"silex-id-1442914737143-3","pageNames":[],"classList":["style-footer"],"type":"text-element","isSectionContent":false,"title":"","alt":null,"children":[],"link":null,"enableEdit":true,"enableDrag":true,"enableDrop":false,"enableResize":{"top":true,"bottom":true,"left":true,"right":true},"selected":false,"useMinHeight":true,"visibility":{"desktop":true,"mobile":true},"style":{"desktop":{"width":"441px","top":"39px","left":"359px","height":"31px","position":"absolute"},"mobile":{}},"data":{"component":null},"innerHtml":"<p><a href=\"https://www.silex.me/\">Powered by Silex</a>, <a href=\"https://stastic.net/\">Stastic</a> <a href=\"https://jekyllrb.com/\">and Jekyll</a><a href=\"https://pages.github.com/\">, </a>hosted on Github pages<a href=\"https://jekyllrb.com/\"><br></a></p><p><a href=\"https://jekyllrb.com/\"></a></p>","tagName":"DIV"},{"id":"silex-id-1563544667829-6","pageNames":[],"classList":[],"type":"section-element","isSectionContent":false,"title":"","alt":null,"children":["silex-id-1563544667707-5"],"link":null,"enableEdit":false,"enableDrag":true,"enableDrop":true,"enableResize":{"top":false,"bottom":false,"left":false,"right":false},"selected":false,"useMinHeight":true,"visibility":{"desktop":true,"mobile":true},"style":{"desktop":{"background-color":"rgba(110,110,122,1)","position":"static","margin-top":"-1px"},"mobile":{}},"data":{"component":null},"innerHtml":"","tagName":"SECTION"},{"id":"silex-id-1563544667707-5","pageNames":[],"classList":["website-width"],"type":"container-element","isSectionContent":true,"title":"","alt":null,"children":[],"link":null,"enableEdit":false,"enableDrag":false,"enableDrop":true,"enableResize":{"top":true,"bottom":true,"left":true,"right":true},"selected":false,"useMinHeight":true,"visibility":{"desktop":true,"mobile":true},"style":{"desktop":{"background-color":"","height":"100px","position":"relative","margin-left":"auto","margin-right":"auto"},"mobile":{}},"data":{"component":null},"innerHtml":"","tagName":"DIV"},{"id":"silex-id-1595506007880-1","type":"container-element","alt":null,"title":null,"isSectionContent":false,"visibility":{"desktop":true,"mobile":true},"style":{"mobile":{},"desktop":{"width":"688px","height":"877px","background-color":"rgb(255, 255, 255)","position":"static","top":"0px","left":"0px"}},"data":{"component":null},"children":["silex-id-1595515601114-0"],"pageNames":["page-home"],"classList":[],"link":null,"enableEdit":false,"enableDrag":true,"enableDrop":true,"enableResize":{"top":true,"bottom":true,"left":true,"right":true},"selected":false,"useMinHeight":true,"innerHtml":"","tagName":"DIV"},{"id":"silex-id-1595513220208-1","type":"container-element","alt":null,"title":null,"isSectionContent":false,"visibility":{"desktop":true,"mobile":true},"style":{"mobile":{"height":"740px","top":"0px","left":"0px","width":"467px"},"desktop":{"width":"688px","height":"1117px","background-color":"rgb(255, 255, 255)","position":"static"}},"data":{"component":null},"children":["silex-id-1595520610564-8"],"pageNames":["page-404"],"classList":[],"link":null,"enableEdit":false,"enableDrag":true,"enableDrop":true,"enableResize":{"top":true,"bottom":true,"left":true,"right":true},"selected":false,"useMinHeight":true,"innerHtml":"","tagName":"DIV"},{"id":"silex-id-1595517439711-1","type":"container-element","alt":null,"title":null,"isSectionContent":false,"visibility":{"desktop":true,"mobile":true},"style":{"mobile":{"height":"230px","top":"0px","left":"0px","width":"309px"},"desktop":{"width":"309px","height":"1117px","background-color":"rgb(255, 255, 255)","position":"static","display":"flex","flex-direction":"column","align-items":"center","justify-content":"start"}},"data":{"component":null},"children":["silex-id-1563544847465-8","silex-id-1563544962714-9","silex-id-1563545454222-10","silex-id-1563554584898-11","silex-id-1564088083884-1","silex-id-1595517572297-2"],"pageNames":[],"classList":[],"link":null,"enableEdit":false,"enableDrag":true,"enableDrop":true,"enableResize":{"top":true,"bottom":true,"left":true,"right":true},"selected":false,"useMinHeight":true,"innerHtml":"","tagName":"DIV"},{"id":"silex-id-1595518970308-3","type":"section-element","alt":null,"title":null,"isSectionContent":false,"visibility":{"desktop":true,"mobile":true},"style":{"mobile":{},"desktop":{"position":"static","margin-top":"-1px","background-color":"rgba(224,255,0,1)"}},"data":{"component":null},"children":["silex-id-1595518970310-4"],"pageNames":["page-posts"],"classList":[],"link":null,"enableEdit":false,"enableDrag":true,"enableDrop":true,"enableResize":{"top":false,"bottom":false,"left":false,"right":false},"selected":false,"useMinHeight":true,"innerHtml":"","tagName":"SECTION"},{"id":"silex-id-1595518998841-5","type":"section-element","alt":null,"title":null,"isSectionContent":false,"visibility":{"desktop":true,"mobile":true},"style":{"mobile":{},"desktop":{"position":"static","margin-top":"-1px","background-color":"rgba(224,255,0,1)"}},"data":{"component":null},"children":["silex-id-1595518998841-6"],"pageNames":["page-posts"],"classList":[],"link":null,"enableEdit":false,"enableDrag":true,"enableDrop":true,"enableResize":{"top":false,"bottom":false,"left":false,"right":false},"selected":false,"useMinHeight":true,"innerHtml":"","tagName":"SECTION"},{"id":"silex-id-1595520610564-8","type":"text-element","alt":null,"title":null,"isSectionContent":false,"visibility":{"desktop":true,"mobile":true},"style":{"mobile":{},"desktop":{"width":"602px","height":"273px","position":"absolute","top":"-1px","left":"73px"}},"data":{"component":null},"children":[],"pageNames":[],"classList":[],"link":null,"enableEdit":true,"enableDrag":true,"enableDrop":false,"enableResize":{"top":true,"bottom":true,"left":true,"right":true},"selected":false,"useMinHeight":true,"innerHtml":"<h1>Oups...<br></h1><h2>Il n'y a rien ici, utilisez la navigation ci-dessus pour continuer.<br></h2>","tagName":"DIV"},{"id":"silex-id-1595531707714-6","type":"section-element","alt":null,"title":null,"isSectionContent":false,"visibility":{"desktop":true,"mobile":true},"style":{"mobile":{},"desktop":{"position":"static","margin-top":"-1px","background-color":"rgba(110,110,122,1)"}},"data":{"component":null},"children":["silex-id-1595531707717-7"],"pageNames":["page-home"],"classList":[],"link":null,"enableEdit":false,"enableDrag":true,"enableDrop":true,"enableResize":{"top":false,"bottom":false,"left":false,"right":false},"selected":false,"useMinHeight":true,"innerHtml":"","tagName":"SECTION"},{"id":"silex-id-1595533635328-40","type":"section-element","alt":null,"title":null,"isSectionContent":false,"visibility":{"desktop":true,"mobile":true},"style":{"mobile":{},"desktop":{"position":"static","margin-top":"-1px","background-color":"rgba(255,255,255,1)"}},"data":{"component":null},"children":["silex-id-1595533635329-41"],"pageNames":["page-home"],"classList":[],"link":null,"enableEdit":false,"enableDrag":true,"enableDrop":true,"enableResize":{"top":false,"bottom":false,"left":false,"right":false},"selected":false,"useMinHeight":true,"innerHtml":"","tagName":"SECTION"},{"id":"silex-id-1595533635329-41","type":"container-element","alt":null,"title":null,"isSectionContent":true,"visibility":{"desktop":true,"mobile":true},"style":{"desktop":{"height":"1111px","background-color":"rgb(255, 255, 255)","position":"relative","margin-left":"auto","margin-right":"auto"},"mobile":{"height":"3892px"}},"data":{"component":null},"children":["silex-id-1596295580635-10","silex-id-1596295110387-7","silex-id-1596295590138-11","silex-id-1596295124834-8","silex-id-1596295606330-12","silex-id-1596295136800-9","silex-id-1596295621417-13","silex-id-1596294144767-0","silex-id-1596296127946-61","silex-id-1596296180539-62","silex-id-1596294655906-2","silex-id-1596295916821-53","silex-id-1596295916821-51","silex-id-1596293706161-0"],"pageNames":[],"classList":["silex-element-content","website-width","prevent-draggable","bg-shadow"],"link":null,"enableEdit":false,"enableDrag":false,"enableDrop":true,"enableResize":{"top":true,"bottom":true,"left":true,"right":true},"selected":false,"useMinHeight":true,"innerHtml":"","tagName":"DIV"},{"id":"silex-id-1595533753719-42","type":"section-element","alt":null,"title":null,"isSectionContent":false,"visibility":{"desktop":true,"mobile":true},"style":{"mobile":{},"desktop":{"position":"static","margin-top":"-1px"}},"data":{"component":null},"children":["silex-id-1595533753720-43"],"pageNames":["page-index"],"classList":[],"link":null,"enableEdit":false,"enableDrag":true,"enableDrop":true,"enableResize":{"top":false,"bottom":false,"left":false,"right":false},"selected":false,"useMinHeight":true,"innerHtml":"","tagName":"SECTION"},{"id":"silex-id-1595533753720-43","type":"container-element","alt":null,"title":null,"isSectionContent":true,"visibility":{"desktop":true,"mobile":true},"style":{"desktop":{"height":"100px","background-color":"rgb(255, 255, 255)","position":"relative","margin-left":"auto","margin-right":"auto"},"mobile":{}},"data":{"component":null},"children":[],"pageNames":[],"classList":["silex-element-content","website-width","prevent-draggable"],"link":null,"enableEdit":false,"enableDrag":false,"enableDrop":true,"enableResize":{"top":true,"bottom":true,"left":true,"right":true},"selected":false,"useMinHeight":true,"innerHtml":"","tagName":"DIV"},{"id":"silex-id-1596294144767-0","type":"text-element","alt":null,"title":null,"isSectionContent":false,"visibility":{"desktop":true,"mobile":true},"style":{"mobile":{"height":"434px","top":"0px","left":"0px","width":"446px"},"desktop":{"width":"324px","height":"281px","position":"absolute","top":"593px","left":"405px"}},"data":{"component":null},"children":[],"pageNames":[],"classList":[],"link":null,"enableEdit":true,"enableDrag":true,"enableDrop":false,"enableResize":{"top":true,"bottom":true,"left":true,"right":true},"selected":false,"useMinHeight":true,"innerHtml":"<h2>Les métiers du numérique, le logiciel libre, la tech, l'entreprenariat... De la Liberté !</h2>Nous sommes des professionnels passionnés et pour nous le numérique c'est la liberté. La liberté de choisir son boulot, son lieu de vie, choisir des projets, choisir ses collègues.<br><br>","tagName":"DIV"},{"id":"silex-id-1596294667757-3","type":"section-element","alt":null,"title":null,"isSectionContent":false,"visibility":{"desktop":true,"mobile":true},"style":{"mobile":{},"desktop":{"position":"static","margin-top":"-1px"}},"data":{"component":null},"children":["silex-id-1596294667758-4"],"pageNames":["page-home"],"classList":[],"link":null,"enableEdit":false,"enableDrag":true,"enableDrop":true,"enableResize":{"top":false,"bottom":false,"left":false,"right":false},"selected":false,"useMinHeight":true,"innerHtml":"","tagName":"SECTION"},{"id":"silex-id-1596294718066-5","pageNames":["page-home"],"classList":[],"type":"section-element","isSectionContent":false,"title":"","alt":null,"children":["silex-id-1596294718066-6"],"link":null,"enableEdit":false,"enableDrag":true,"enableDrop":true,"enableResize":{"top":false,"bottom":false,"left":false,"right":false},"selected":false,"useMinHeight":true,"visibility":{"desktop":true,"mobile":false},"style":{"desktop":{"background-color":"transparent","position":"static","margin-top":"-1px"},"mobile":{}},"data":{"component":null},"innerHtml":"","tagName":"SECTION"},{"id":"silex-id-1596294718066-6","pageNames":[],"classList":["website-width","bg-shadow-top"],"type":"container-element","isSectionContent":true,"title":"","alt":null,"children":[],"link":null,"enableEdit":false,"enableDrag":false,"enableDrop":true,"enableResize":{"top":true,"bottom":true,"left":true,"right":true},"selected":false,"useMinHeight":true,"visibility":{"desktop":true,"mobile":true},"style":{"desktop":{"background-color":"rgba(253,253,254,1)","border-radius":"2px 2px 0 0 ","height":"350px","position":"relative","margin-left":"auto","margin-right":"auto","background-image":"url(assets/silexlabs-wwx.jpg)","background-size":"cover","background-repeat":"no-repeat","background-position":"center center"},"mobile":{"top":"0px","left":"0px","width":"467px","height":"20px"}},"data":{"component":null},"innerHtml":"","tagName":"DIV"},{"id":"silex-id-1596295110387-7","type":"text-element","alt":null,"title":null,"isSectionContent":false,"visibility":{"desktop":true,"mobile":true},"style":{"mobile":{"height":"406px","top":"0px","left":"0px","width":"446px"},"desktop":{"width":"324px","height":"271px","position":"absolute","top":"156px","left":"37px"}},"data":{"component":null},"children":[],"pageNames":[],"classList":[],"link":null,"enableEdit":true,"enableDrag":true,"enableDrop":false,"enableResize":{"top":true,"bottom":true,"left":true,"right":true},"selected":false,"useMinHeight":true,"innerHtml":"<h2>Notre mission : élargir les horizons</h2><br><div>Les geeks attirent les\n geeks, les minorités se font rares dans nos métiers. Pourtant ils \nregorgent d'opportunités pour qui sait les voir, et la demande est \nforte, il y a du boulot pour tous les niveaux, toutes les origines, tous\n les sexes et tous les objectifs de carrière.</div><br>","tagName":"DIV"},{"id":"silex-id-1596295124834-8","type":"text-element","alt":null,"title":null,"isSectionContent":false,"visibility":{"desktop":true,"mobile":true},"style":{"mobile":{"height":"434.76666259765625px","top":"143.23333740234375px","left":"0px","width":"446px"},"desktop":{"width":"324px","height":"257px","position":"absolute","top":"156px","left":"405px"}},"data":{"component":null},"children":[],"pageNames":[],"classList":[],"link":null,"enableEdit":true,"enableDrag":true,"enableDrop":false,"enableResize":{"top":true,"bottom":true,"left":true,"right":true},"selected":false,"useMinHeight":true,"innerHtml":"<h2>Des conseils, des mises en relation et des discussions ouvertes<br></h2>Nos plus belles réussites&nbsp; sont des coups de pouce, des gens heureux d'avoir osé \nchanger de carrière ou de s'être projeté dans les métiers du numérique à\n travers une formation ou un stage.<br><br>","tagName":"DIV"},{"id":"silex-id-1596295136800-9","type":"text-element","alt":null,"title":null,"isSectionContent":false,"visibility":{"desktop":true,"mobile":true},"style":{"mobile":{"height":"348.76666259765625px","top":"129.23333740234375px","left":"0px","width":"446px"},"desktop":{"width":"324px","height":"233px","position":"absolute","top":"593px","left":"44px"}},"data":{"component":null},"children":[],"pageNames":[],"classList":[],"link":null,"enableEdit":true,"enableDrag":true,"enableDrop":false,"enableResize":{"top":true,"bottom":true,"left":true,"right":true},"selected":false,"useMinHeight":true,"innerHtml":"<h2>Coaching, ateliers, apéros - tout un programme</h2><br>Silex\n Labs est une association à but non lucratif, nous donnons du temps \nbénévolement sous forme de coaching, d’organisation d’évènements et nous nous réunissons lors des fameux apéros. Rejoignez nous\n !","tagName":"DIV"},{"id":"silex-id-1596295580635-10","type":"image-element","alt":null,"title":null,"isSectionContent":false,"visibility":{"desktop":true,"mobile":true},"style":{"mobile":{"height":"238.88333129882812px","top":"0px","left":"0px","width":"182px"},"desktop":{"width":"48px","height":"63px","position":"absolute","top":"84px","left":"172px"}},"data":{"component":null},"children":[],"pageNames":[],"classList":[],"link":null,"enableEdit":true,"enableDrag":true,"enableDrop":false,"enableResize":{"top":true,"bottom":true,"left":true,"right":true},"selected":false,"useMinHeight":false,"innerHtml":"<img src=\"/ce/fs/get/Documents/silex-sites/silexlabs.org/admin/silex/src/assets/arabica-890.png\" />","tagName":"DIV"},{"id":"silex-id-1596295590138-11","type":"image-element","alt":null,"title":null,"isSectionContent":false,"visibility":{"desktop":true,"mobile":true},"style":{"mobile":{"height":"231px","top":"5px","left":"0px","width":"355px"},"desktop":{"width":"124px","height":"81px","position":"absolute","top":"74px","left":"495px"}},"data":{"component":null},"children":[],"pageNames":[],"classList":[],"link":null,"enableEdit":true,"enableDrag":true,"enableDrop":false,"enableResize":{"top":true,"bottom":true,"left":true,"right":true},"selected":false,"useMinHeight":false,"innerHtml":"<img src=\"/ce/fs/get/Documents/silex-sites/silexlabs.org/admin/silex/src/assets/bermuda-reaching-the-goal.png\" />","tagName":"DIV"},{"id":"silex-id-1596295606330-12","type":"image-element","alt":null,"title":null,"isSectionContent":false,"visibility":{"desktop":true,"mobile":true},"style":{"mobile":{"height":"302px","top":"0px","left":"-5px","width":"406px"},"desktop":{"width":"114px","height":"85px","position":"absolute","top":"506px","left":"139px"}},"data":{"component":null},"children":[],"pageNames":[],"classList":[],"link":null,"enableEdit":true,"enableDrag":true,"enableDrop":false,"enableResize":{"top":true,"bottom":true,"left":true,"right":true},"selected":false,"useMinHeight":false,"innerHtml":"<img src=\"/ce/fs/get/Documents/silex-sites/silexlabs.org/admin/silex/src/assets/ginger-cat-724.png\" />","tagName":"DIV"},{"id":"silex-id-1596295621417-13","type":"image-element","alt":null,"title":null,"isSectionContent":false,"visibility":{"desktop":true,"mobile":true},"style":{"mobile":{"height":"262px","top":"5px","left":"0px","width":"253px"},"desktop":{"width":"55px","height":"57px","position":"absolute","top":"528px","left":"551px"}},"data":{"component":null},"children":[],"pageNames":[],"classList":[],"link":null,"enableEdit":true,"enableDrag":true,"enableDrop":false,"enableResize":{"top":true,"bottom":true,"left":true,"right":true},"selected":false,"useMinHeight":false,"innerHtml":"<img src=\"/ce/fs/get/Documents/silex-sites/silexlabs.org/admin/silex/src/assets/kingdom-158.png\" />","tagName":"DIV"},{"id":"silex-id-1596295916820-49","pageNames":[],"classList":["style-button-red"],"type":"text-element","isSectionContent":false,"title":"","alt":null,"children":[],"link":{"href":"{{site.url}}{{site.baseurl}}/join","linkType":"LinkTypeExternal","title":"Rejoindre Silex Labs"},"enableEdit":true,"enableDrag":true,"enableDrop":false,"enableResize":{"top":true,"bottom":true,"left":true,"right":true},"selected":false,"useMinHeight":true,"visibility":{"desktop":true,"mobile":true},"style":{"desktop":{"width":"300px","height":"41px","position":"absolute","margin-left":"","margin-top":"20px","top":"-18px","left":"0px"},"mobile":{"top":"0px","left":"0px","width":"500px","height":"41px"}},"data":{"component":null},"innerHtml":"Rejoignez nous<br>","tagName":"DIV"},{"id":"silex-id-1596295916821-50","pageNames":[],"classList":[],"type":"html-element","isSectionContent":false,"title":"","alt":null,"children":[],"link":null,"enableEdit":true,"enableDrag":true,"enableDrop":false,"enableResize":{"top":true,"bottom":true,"left":true,"right":true},"selected":false,"useMinHeight":true,"visibility":{"desktop":true,"mobile":true},"style":{"desktop":{"width":"150px","background-color":"transparent","height":"68px","position":"absolute","margin-left":"","margin-top":"20px","top":"64px","left":"75px"},"mobile":{"height":"68px","top":"0px","left":"0px","width":"128px"}},"data":{"component":{"name":"share1","templateName":"share","data":{"url":"https://www.silexlabs.org/","title":"Silex Labs non profit organization","description":"Silex Labs est une association à but non lucratif reconnue d’intérêt général qui lutte depuis 2009 contre la fracture numérique, en faisant promotion des technologies libres et de la contribution.\n\nNotre conviction : la contribution change la vie de celui qui contribue et améliore celle des autres.","networks":["Facebook","Twitter","LinkedIn","Email"]},"style":"Simple Icons - Black","networks":["Facebook","Twitter","LinkedIn",""],"url":"https://www.silexlabs.org","title":"Association Silex Labs, diversité et métiers du numérique","twitter":"silexlabs","description":"L'association Silex Labs oeuvre pour la diversité dans les métiers du numérique"}},"innerHtml":"\n<ul class=\"share-buttons\" id=\"id_1624148591258_725\">\n  \n  <li><a href=\"https://www.facebook.com/sharer/sharer.php?u=https://www.silexlabs.org/&t=Silex Labs non profit organization\" title=\"Share on Facebook\" target=\"_blank\"><img alt=\"Share on Facebook\" data-silex-static=\"\" src=\"/static/2.7/simplesharingbuttons/flat_web_icon_set/color/Facebook.png\"></a></li>\n  \n  \n  <li><a href=\"https://twitter.com/intent/tweet?source=https://www.silexlabs.org/&text=Silex Labs non profit organization:%20https://www.silexlabs.org/&via=silexlabs\" target=\"_blank\" title=\"Share on Twitter\"><img alt=\"Twitt\" data-silex-static=\"\" src=\"/static/2.7/simplesharingbuttons/flat_web_icon_set/color/Twitter.png\"></a></li>\n  \n  \n  \n  \n  \n  \n  \n  <li><a href=\"http://www.linkedin.com/shareArticle?mini=true&url=https://www.silexlabs.org/&title=Silex Labs non profit organization&summary=Silex Labs est une association à but non lucratif reconnue d’intérêt général qui lutte depuis 2009 contre la fracture numérique, en faisant promotion des technologies libres et de la contribution.\n\nNotre conviction : la contribution change la vie de celui qui contribue et améliore celle des autres.&source=https://www.silexlabs.org/\" target=\"_blank\" title=\"Share on LinkedIn\"><img alt=\"Share on LinkedIn\" data-silex-static=\"\" src=\"/static/2.7/simplesharingbuttons/flat_web_icon_set/color/LinkedIn.png\"></a></li>\n  \n  \n  \n  \n  <li><a href=\"mailto:?subject=Silex Labs non profit organization&body=Silex Labs est une association à but non lucratif reconnue d’intérêt général qui lutte depuis 2009 contre la fracture numérique, en faisant promotion des technologies libres et de la contribution.\n\nNotre conviction : la contribution change la vie de celui qui contribue et améliore celle des autres.:%20https://www.silexlabs.org/\" target=\"_blank\" title=\"Send email\"><img alt=\"Send by email\" data-silex-static=\"\" src=\"/static/2.7/simplesharingbuttons/flat_web_icon_set/color/Email.png\"></a></li>\n  \n</ul>\n</div>\n<style type=\"text/css\">\n#id_1624148591258_725.share-buttons{\n  list-style: none;\n  padding: 0;\n}\n\n#id_1624148591258_725.share-buttons li{\n  display: inline;\n}\n\n#id_1624148591258_725.share-buttons .sr-only {\n  position: absolute;\n  clip: rect(1px 1px 1px 1px);\n  clip: rect(1px, 1px, 1px, 1px);\n  padding: 0;\n  border: 0;\n  height: 1px;\n  width: 1px;\n  overflow: hidden;\n}\n</style>\n","tagName":"DIV"},{"id":"silex-id-1596296031553-59","pageNames":[],"classList":["style-posts"],"type":"text-element","isSectionContent":false,"title":"","alt":null,"children":[],"link":null,"enableEdit":true,"enableDrag":true,"enableDrop":false,"enableResize":{"top":true,"bottom":true,"left":true,"right":true},"selected":false,"useMinHeight":true,"visibility":{"desktop":true,"mobile":true},"style":{"desktop":{"width":"300px","height":"300px","position":"static"},"mobile":{"top":"0px","left":"0px","width":"600px","height":"787px"}},"data":{"component":{"name":"jekyll-text1","templateName":"jekyll-text","data":{"preview":"## Développez une application web qui n’explose pas – Programmation d’un démineur en Elm\n\n> 27 mars 2018 @ 19:00 - 21:00\n\n![featured image](https://www.silexlabs.org/wp-content/uploads/2019/05/Atelier-Elm1-687x159.png)\n\n\nQu’est ce que Elm ? Elm (https://elm-lang.org/ ) est un langage permettant de créer des applications web fiables. Le plus étonnant est que cette fiabilité est obtenue avec un très faible nombre de concepts, faisant de Elm un langage rapide à apprendre. Au programme Nous verrons à quel point « The...\n\n### test H3\n\ntest extra content\n\n## Déchiffre et Delettre* – Épisode II\n\n> 27 mars 2018 @ 19:00 - 21:00\n\n![featured image](https://www.silexlabs.org/wp-content/uploads/2019/04/De%CC%81chiffre-et-Delettre-final-687x159.png)\n\nCet atelier est la suite de l’atelier Dechiffre et Delettre – Episode I. Cependant il n’est pas nécessaire d’y avoir participé pour pouvoir suivre l’épisode 2. Avant 1996, le chiffrement privé était interdit en France. Pire, il était considéré comme « une arme de guerre de deuxième catégorie”. C’est grâce, entre...\n\n\n![featured image](https://www.silexlabs.org/wp-content/uploads/2019/04/Intro-Design-Thinking-687x159.png)\n\n## Déchiffre et Delettre* – Épisode I\n\n> 27 mars 2018 @ 19:00 - 21:00\n\nSalut la compagnie ! Qui n’a jamais entendu parler d’UX ? Plus qu’un sujet à la mode, plus qu’un engouement, il s’agit d’une véritable mentalité. Et peut être même d’une façon de vivre ? De nombreuses anecdotes autour de l’UX foisonnent sur les Internets; une de mes préférées concerne d’ailleurs...\n\n\n![featured image](https://www.silexlabs.org/wp-content/uploads/2019/01/silex-webinar2-wide-687x268.png)\n\n## Silex website builder, Freelance VIP session #2\n\n> 27 mars 2018 @ 19:00 - 21:00\n\nBienvenue à vous Silexiens débutants ! Cet atelier fait partie d’une série d’ateliers Silex en ligne: Atelier 1: initiation, pour débutants, inscription ici Atelier 2: produire des sites pour des clients, fonctionnalités avancées, inscription ici Atelier 3: héberger Silex et le customizer pour la production de sites pro, inscription ici...\n \n","liquid":"{% include posts.html %}"},"liquid":"{% include posts-excerpt.html %}","preview":"\n\n  <div class=\"posts-list\">\n  \n  <article>\n    <link rel=\"prefetch\" href=\"http://localhost:4000/silexlabs.org/assemblee-generale-silex-labs-2029:\">\n    <a href=\"http://localhost:4000/silexlabs.org/assemblee-generale-silex-labs-2029:\">\n      <div>Assemblée générale Silex Labs 2019</div>\n      <div class=\"post-date\">31 May 2020</div>\n      \n    </a>\n  </article>\n  \n  <article>\n    <link rel=\"prefetch\" href=\"http://localhost:4000/silexlabs.org/event/developpez-application-web-nexplose-programmation-dun-demineur-elm/\">\n    <a href=\"http://localhost:4000/silexlabs.org/event/developpez-application-web-nexplose-programmation-dun-demineur-elm/\">\n      <div>Développez une application web qui n'explose pas - Programmation d'un démineur en Elm</div>\n      <div class=\"post-date\">22 May 2019</div>\n      \n    </a>\n  </article>\n  \n  <article>\n    <link rel=\"prefetch\" href=\"http://localhost:4000/silexlabs.org/event/dechiffre-delettre-episode-ii/\">\n    <a href=\"http://localhost:4000/silexlabs.org/event/dechiffre-delettre-episode-ii/\">\n      <div>Déchiffre et Delettre* - Épisode II</div>\n      <div class=\"post-date\">30 April 2019</div>\n      \n        <span class=\"tag\">chiffrement</span>\n      \n    </a>\n  </article>\n  \n  <article>\n    <link rel=\"prefetch\" href=\"http://localhost:4000/silexlabs.org/event/dechiffre-delettre-episode-i/\">\n    <a href=\"http://localhost:4000/silexlabs.org/event/dechiffre-delettre-episode-i/\">\n      <div>Déchiffre et Delettre* - Épisode I</div>\n      <div class=\"post-date\">16 April 2019</div>\n      \n        <span class=\"tag\">chiffrement</span>\n      \n    </a>\n  </article>\n  \n  <article>\n    <link rel=\"prefetch\" href=\"http://localhost:4000/silexlabs.org/event/introduction-a-lux-design-thinking/\">\n    <a href=\"http://localhost:4000/silexlabs.org/event/introduction-a-lux-design-thinking/\">\n      <div>Introduction à l'UX et au Design Thinking</div>\n      <div class=\"post-date\">05 April 2019</div>\n      \n        <span class=\"tag\">design</span>\n      \n    </a>\n  </article>\n  \n</div>\n\n\n"}},"innerHtml":"<span class=\"prodotype-preview prodotype-runtime-strict\">\n  <div class=\"posts-list\">\n\n  <article>\n    <link rel=\"prefetch\" href=\"http://localhost:4000/silexlabs.org/assemblee-generale-silex-labs-2029:\">\n    <a href=\"http://localhost:4000/silexlabs.org/assemblee-generale-silex-labs-2029:\">\n      <div>Assemblée générale Silex Labs 2019</div>\n      <div class=\"post-date\">31 May 2020</div>\n\n    </a>\n  </article>\n\n  <article>\n    <link rel=\"prefetch\" href=\"http://localhost:4000/silexlabs.org/event/developpez-application-web-nexplose-programmation-dun-demineur-elm/\">\n    <a href=\"http://localhost:4000/silexlabs.org/event/developpez-application-web-nexplose-programmation-dun-demineur-elm/\">\n      <div>Développez une application web qui n'explose pas - Programmation d'un démineur en Elm</div>\n      <div class=\"post-date\">22 May 2019</div>\n\n    </a>\n  </article>\n\n  <article>\n    <link rel=\"prefetch\" href=\"http://localhost:4000/silexlabs.org/event/dechiffre-delettre-episode-ii/\">\n    <a href=\"http://localhost:4000/silexlabs.org/event/dechiffre-delettre-episode-ii/\">\n      <div>Déchiffre et Delettre* - Épisode II</div>\n      <div class=\"post-date\">30 April 2019</div>\n\n        <span class=\"tag\">chiffrement</span>\n\n    </a>\n  </article>\n\n  <article>\n    <link rel=\"prefetch\" href=\"http://localhost:4000/silexlabs.org/event/dechiffre-delettre-episode-i/\">\n    <a href=\"http://localhost:4000/silexlabs.org/event/dechiffre-delettre-episode-i/\">\n      <div>Déchiffre et Delettre* - Épisode I</div>\n      <div class=\"post-date\">16 April 2019</div>\n\n        <span class=\"tag\">chiffrement</span>\n\n    </a>\n  </article>\n\n  <article>\n    <link rel=\"prefetch\" href=\"http://localhost:4000/silexlabs.org/event/introduction-a-lux-design-thinking/\">\n    <a href=\"http://localhost:4000/silexlabs.org/event/introduction-a-lux-design-thinking/\">\n      <div>Introduction à l'UX et au Design Thinking</div>\n      <div class=\"post-date\">05 April 2019</div>\n\n        <span class=\"tag\">design</span>\n\n    </a>\n  </article>\n\n</div>\n</span>\n<silex-template>\n  {% include posts-excerpt.html %}\n</silex-template>\n","tagName":"DIV"},{"id":"silex-id-1596296127946-61","type":"container-element","alt":null,"title":null,"isSectionContent":false,"visibility":{"desktop":true,"mobile":true},"style":{"mobile":{"height":"230px","top":"0px","left":"0px","width":"450px","display":"flex","flex-direction":"column"},"desktop":{"width":"300px","height":"182px","background-color":"rgb(255, 255, 255)","position":"absolute","top":"81px","left":"770px"}},"data":{"component":null},"children":["silex-id-1596295916820-49","silex-id-1596295916821-50"],"pageNames":[],"classList":[],"link":null,"enableEdit":false,"enableDrag":true,"enableDrop":true,"enableResize":{"top":true,"bottom":true,"left":true,"right":true},"selected":false,"useMinHeight":true,"innerHtml":"","tagName":"DIV"},{"id":"silex-id-1596296180539-62","type":"container-element","alt":null,"title":null,"isSectionContent":false,"visibility":{"desktop":true,"mobile":true},"style":{"mobile":{"width":"419px","height":"879px","top":"0px","left":"0px"},"desktop":{"width":"300px","height":"631px","background-color":"rgb(255, 255, 255)","position":"absolute","top":"273px","left":"770px"}},"data":{"component":null},"children":["silex-id-1596296233170-63","silex-id-1596296031553-59"],"pageNames":[],"classList":[],"link":null,"enableEdit":false,"enableDrag":true,"enableDrop":true,"enableResize":{"top":true,"bottom":true,"left":true,"right":true},"selected":false,"useMinHeight":true,"innerHtml":"","tagName":"DIV"},{"id":"silex-id-1596296233170-63","type":"text-element","alt":null,"title":null,"isSectionContent":false,"visibility":{"desktop":true,"mobile":true},"style":{"mobile":{},"desktop":{"width":"300px","height":"51px","position":"static"}},"data":{"component":null},"children":[],"pageNames":[],"classList":["style-centered"],"link":null,"enableEdit":true,"enableDrag":true,"enableDrop":false,"enableResize":{"top":true,"bottom":true,"left":true,"right":true},"selected":false,"useMinHeight":true,"innerHtml":"<h3>Derniers Articles</h3>","tagName":"DIV"},{"id":"silex-id-1596307736882-78","pageNames":["page-tags"],"classList":["style-posts"],"type":"text-element","isSectionContent":false,"title":"","alt":null,"children":[],"link":null,"enableEdit":true,"enableDrag":true,"enableDrop":false,"enableResize":{"top":true,"bottom":true,"left":true,"right":true},"selected":false,"useMinHeight":true,"visibility":{"desktop":true,"mobile":true},"style":{"desktop":{"width":"688px","height":"1117px","position":"static"},"mobile":{"top":"0px","left":"0px","width":"467px","height":"1523px"}},"data":{"component":{"name":"jekyll-text1","templateName":"jekyll-text","data":{"preview":"## Développez une application web qui n’explose pas – Programmation d’un démineur en Elm\n\n> 27 mars 2018 @ 19:00 - 21:00\n\n![featured image](https://www.silexlabs.org/wp-content/uploads/2019/05/Atelier-Elm1-687x159.png)\n\n\nQu’est ce que Elm ? Elm (https://elm-lang.org/ ) est un langage permettant de créer des applications web fiables. Le plus étonnant est que cette fiabilité est obtenue avec un très faible nombre de concepts, faisant de Elm un langage rapide à apprendre. Au programme Nous verrons à quel point « The...\n\n### test H3\n\ntest extra content\n\n## Déchiffre et Delettre* – Épisode II\n\n> 27 mars 2018 @ 19:00 - 21:00\n\n![featured image](https://www.silexlabs.org/wp-content/uploads/2019/04/De%CC%81chiffre-et-Delettre-final-687x159.png)\n\nCet atelier est la suite de l’atelier Dechiffre et Delettre – Episode I. Cependant il n’est pas nécessaire d’y avoir participé pour pouvoir suivre l’épisode 2. Avant 1996, le chiffrement privé était interdit en France. Pire, il était considéré comme « une arme de guerre de deuxième catégorie”. C’est grâce, entre...\n\n\n![featured image](https://www.silexlabs.org/wp-content/uploads/2019/04/Intro-Design-Thinking-687x159.png)\n\n## Déchiffre et Delettre* – Épisode I\n\n> 27 mars 2018 @ 19:00 - 21:00\n\nSalut la compagnie ! Qui n’a jamais entendu parler d’UX ? Plus qu’un sujet à la mode, plus qu’un engouement, il s’agit d’une véritable mentalité. Et peut être même d’une façon de vivre ? De nombreuses anecdotes autour de l’UX foisonnent sur les Internets; une de mes préférées concerne d’ailleurs...\n\n\n![featured image](https://www.silexlabs.org/wp-content/uploads/2019/01/silex-webinar2-wide-687x268.png)\n\n## Silex website builder, Freelance VIP session #2\n\n> 27 mars 2018 @ 19:00 - 21:00\n\nBienvenue à vous Silexiens débutants ! Cet atelier fait partie d’une série d’ateliers Silex en ligne: Atelier 1: initiation, pour débutants, inscription ici Atelier 2: produire des sites pour des clients, fonctionnalités avancées, inscription ici Atelier 3: héberger Silex et le customizer pour la production de sites pro, inscription ici...\n \n","liquid":"{% include posts.html %}"},"liquid":"{% include posts.html %}","preview":"<div class=\"posts-list\">\n  \n  <article>\n    <a href=\"/silexlabs.org/assemblee-generale-silex-labs-2029/\">\n      <h2>Assemblée générale Silex Labs 2019</h2>\n\n        <span class=\"tag\">silex labs</span>\n      \n      <p>Bonjour à tous,</p>\n<p>Voici venu le temps de l'AG annuelle. Seules les personnes à jour de leur cotisation de 15€ ont le droit de voter, </p><div href=\"https://www.silexlabs.org/silexlabs/\">pensez à adhérer avant l’AG</div>. Merci d'avance !<p></p>\n<p><strong>L’assemblée Générale Ordinaire de Silex Labs aura lieu en ligne le samedi 10 juillet 2020 à 18 heures</strong></p>\n<p>Si vous ne pouvez pas vous joindre à nous, il vous est possible de vous faire représenter en envoyant un mail à contact [à] silexlabs.org ainsi libellé :</p>\n<blockquote><p>Je donne procuration à toute personne désignée par les membres du conseil d’administration pour me représenter à l’assemblée générale ordinaire qui aura lieu le 13 juin 2020\".</p></blockquote>\n</a><p><a href=\"/silexlabs.org/assemblee-generale-silex-labs-2029/\">Les adhérents recevront un mail avant le début de la ...\n    </a>\n  </p></article>\n  \n  <article>\n    <a href=\"/silexlabs.org/Aperopensource-1582585731477:\">\n      <h2>Aperopensource</h2>\n      <div class=\"post-date\">29 July 2019</div>\n      \n      <p>Le but des apéros L’idée est juste de discuter. Nous pouvons parler évidemment d’opensource mais également de vos projets, de vos idées et des technologies en vogue. Témoignages La mission de Silex Labs est de lutter contre la fracture numérique en faisant la promotion des technologies libres et de la contribution. Pour cela nous vous aidons à découvrir les métiers du web, à vous ré-orienter et à vous transmettre notre savoir. VENEZ NOMBREUX ! Où ? Quand ? Comment ? L’Apéro Open Source se déroule dans notre QG : Les Frangins. Voici l’adresse : Les Frangins3 rue des Gobelins75013 Paris</p>\n\n    </a>\n  </article>\n  \n</div>"}},"innerHtml":"<span class=\"prodotype-preview prodotype-runtime-strict\">\n  <div class=\"posts-list\">\n\n  <article>\n    <a href=\"/silexlabs.org/assemblee-generale-silex-labs-2029/\">\n      <h2>Assemblée générale Silex Labs 2019</h2>\n\n        <span class=\"tag\">silex labs</span>\n\n      <p>Bonjour à tous,</p>\n<p>Voici venu le temps de l'AG annuelle. Seules les personnes à jour de leur cotisation de 15€ ont le droit de voter, </p><div href=\"https://www.silexlabs.org/silexlabs/\">pensez à adhérer avant l’AG</div>. Merci d'avance !<p></p>\n<p><strong>L’assemblée Générale Ordinaire de Silex Labs aura lieu en ligne le samedi 10 juillet 2020 à 18 heures</strong></p>\n<p>Si vous ne pouvez pas vous joindre à nous, il vous est possible de vous faire représenter en envoyant un mail à contact [à] silexlabs.org ainsi libellé :</p>\n<blockquote><p>Je donne procuration à toute personne désignée par les membres du conseil d’administration pour me représenter à l’assemblée générale ordinaire qui aura lieu le 13 juin 2020\".</p></blockquote>\n</a><p><a href=\"/silexlabs.org/assemblee-generale-silex-labs-2029/\">Les adhérents recevront un mail avant le début de la ...\n    </a>\n  </p></article>\n\n  <article>\n    <a href=\"/silexlabs.org/Aperopensource-1582585731477:\">\n      <h2>Aperopensource</h2>\n      <div class=\"post-date\">29 July 2019</div>\n\n      <p>Le but des apéros L’idée est juste de discuter. Nous pouvons parler évidemment d’opensource mais également de vos projets, de vos idées et des technologies en vogue. Témoignages La mission de Silex Labs est de lutter contre la fracture numérique en faisant la promotion des technologies libres et de la contribution. Pour cela nous vous aidons à découvrir les métiers du web, à vous ré-orienter et à vous transmettre notre savoir. VENEZ NOMBREUX ! Où ? Quand ? Comment ? L’Apéro Open Source se déroule dans notre QG : Les Frangins. Voici l’adresse : Les Frangins3 rue des Gobelins75013 Paris</p>\n\n    </a>\n  </article>\n\n</div>\n</span>\n<silex-template>\n  {% include posts.html %}\n</silex-template>\n","tagName":"DIV"}]}